text,size
費城,6.672425342
費工,6.672425342
費時,6.672425342
氛圍,6.672425342
粉絲,6.672425342
豐富,6.672425342
撫
